0,/mnt/user_home/jinzhao/work/model_to_sm/random_det_pkpt_head_pet_face_1183M_050e89a2_out/iq_model40/out/iq_model40_sv_model.tlf
1,/mnt/user_home/jinzhao/work/model_to_sm/random_det_pkpt_head_pet_face_1183M_050e89a2_out/iq_model37/out/iq_model37_sv_model.tlf
2,/mnt/user_home/jinzhao/work/model_to_sm/random_det_pkpt_head_pet_face_1183M_050e89a2_out/iq_model49/out/iq_model49_sv_model.tlf
3,/mnt/user_home/jinzhao/work/model_to_sm/random_det_pkpt_head_pet_face_1183M_050e89a2_out/iq_model71/out/iq_model71_sv_model.tlf
4,/mnt/user_home/jinzhao/work/model_to_sm/random_det_pkpt_head_pet_face_1183M_050e89a2_out/iq_model52/out/iq_model52_sv_model.tlf
5,/mnt/user_home/jinzhao/work/model_to_sm/random_det_pkpt_head_pet_face_1183M_050e89a2_out/iq_model42/out/iq_model42_sv_model.tlf
6,/mnt/user_home/jinzhao/work/model_to_sm/random_det_pkpt_head_pet_face_1183M_050e89a2_out/iq_model39/out/iq_model39_sv_model.tlf
7,/mnt/user_home/jinzhao/work/model_to_sm/random_det_pkpt_head_pet_face_1183M_050e89a2_out/iq_model50/out/iq_model50_sv_model.tlf
8,/mnt/user_home/jinzhao/work/model_to_sm/random_det_pkpt_head_pet_face_1183M_050e89a2_out/iq_model59/out/iq_model59_sv_model.tlf
9,/mnt/user_home/jinzhao/work/model_to_sm/random_det_pkpt_head_pet_face_1183M_050e89a2_out/iq_model44/out/iq_model44_sv_model.tlf
10,/mnt/user_home/jinzhao/work/model_to_sm/random_det_pkpt_head_pet_face_1183M_050e89a2_out/iq_model35/out/iq_model35_sv_model.tlf
11,/mnt/user_home/jinzhao/work/model_to_sm/random_det_pkpt_head_pet_face_1183M_050e89a2_out/iq_model118/out/iq_model118_sv_model.tlf
12,/mnt/user_home/jinzhao/work/model_to_sm/random_det_pkpt_head_pet_face_1183M_050e89a2_out/iq_model18/out/iq_model18_sv_model.tlf
13,/mnt/user_home/jinzhao/work/model_to_sm/random_det_pkpt_head_pet_face_1183M_050e89a2_out/iq_model69/out/iq_model69_sv_model.tlf
14,/mnt/user_home/jinzhao/work/model_to_sm/random_det_pkpt_head_pet_face_1183M_050e89a2_out/iq_model54/out/iq_model54_sv_model.tlf
15,/mnt/user_home/jinzhao/work/model_to_sm/random_det_pkpt_head_pet_face_1183M_050e89a2_out/iq_model62/out/iq_model62_sv_model.tlf
16,/mnt/user_home/jinzhao/work/model_to_sm/random_det_pkpt_head_pet_face_1183M_050e89a2_out/iq_model46/out/iq_model46_sv_model.tlf
17,/mnt/user_home/jinzhao/work/model_to_sm/random_det_pkpt_head_pet_face_1183M_050e89a2_out/iq_model43/out/iq_model43_sv_model.tlf
18,/mnt/user_home/jinzhao/work/model_to_sm/random_det_pkpt_head_pet_face_1183M_050e89a2_out/iq_model57/out/iq_model57_sv_model.tlf
19,/mnt/user_home/jinzhao/work/model_to_sm/random_det_pkpt_head_pet_face_1183M_050e89a2_out/iq_model29/out/iq_model29_sv_model.tlf
20,/mnt/user_home/jinzhao/work/model_to_sm/random_det_pkpt_head_pet_face_1183M_050e89a2_out/iq_model66/out/iq_model66_sv_model.tlf
21,/mnt/user_home/jinzhao/work/model_to_sm/random_det_pkpt_head_pet_face_1183M_050e89a2_out/iq_model67/out/iq_model67_sv_model.tlf
22,/mnt/user_home/jinzhao/work/model_to_sm/random_det_pkpt_head_pet_face_1183M_050e89a2_out/iq_model100/out/iq_model100_sv_model.tlf
23,/mnt/user_home/jinzhao/work/model_to_sm/random_det_pkpt_head_pet_face_1183M_050e89a2_out/iq_model74/out/iq_model74_sv_model.tlf
24,/mnt/user_home/jinzhao/work/model_to_sm/random_det_pkpt_head_pet_face_1183M_050e89a2_out/iq_model98/out/iq_model98_sv_model.tlf
25,/mnt/user_home/jinzhao/work/model_to_sm/random_det_pkpt_head_pet_face_1183M_050e89a2_out/iq_model55/out/iq_model55_sv_model.tlf
26,/mnt/user_home/jinzhao/work/model_to_sm/random_det_pkpt_head_pet_face_1183M_050e89a2_out/iq_model82/out/iq_model82_sv_model.tlf
27,/mnt/user_home/jinzhao/work/model_to_sm/random_det_pkpt_head_pet_face_1183M_050e89a2_out/iq_model89/out/iq_model89_sv_model.tlf
28,/mnt/user_home/jinzhao/work/model_to_sm/random_det_pkpt_head_pet_face_1183M_050e89a2_out/iq_model87/out/iq_model87_sv_model.tlf
29,/mnt/user_home/jinzhao/work/model_to_sm/random_det_pkpt_head_pet_face_1183M_050e89a2_out/iq_model61/out/iq_model61_sv_model.tlf
30,/mnt/user_home/jinzhao/work/model_to_sm/random_det_pkpt_head_pet_face_1183M_050e89a2_out/iq_model72/out/iq_model72_sv_model.tlf
31,/mnt/user_home/jinzhao/work/model_to_sm/random_det_pkpt_head_pet_face_1183M_050e89a2_out/iq_model96/out/iq_model96_sv_model.tlf
32,/mnt/user_home/jinzhao/work/model_to_sm/random_det_pkpt_head_pet_face_1183M_050e89a2_out/iq_model146/out/iq_model146_sv_model.tlf
33,/mnt/user_home/jinzhao/work/model_to_sm/random_det_pkpt_head_pet_face_1183M_050e89a2_out/iq_model73/out/iq_model73_sv_model.tlf
34,/mnt/user_home/jinzhao/work/model_to_sm/random_det_pkpt_head_pet_face_1183M_050e89a2_out/iq_model36/out/iq_model36_sv_model.tlf
35,/mnt/user_home/jinzhao/work/model_to_sm/random_det_pkpt_head_pet_face_1183M_050e89a2_out/iq_model33/out/iq_model33_sv_model.tlf
36,/mnt/user_home/jinzhao/work/model_to_sm/random_det_pkpt_head_pet_face_1183M_050e89a2_out/iq_model34/out/iq_model34_sv_model.tlf
37,/mnt/user_home/jinzhao/work/model_to_sm/random_det_pkpt_head_pet_face_1183M_050e89a2_out/iq_model104/out/iq_model104_sv_model.tlf
38,/mnt/user_home/jinzhao/work/model_to_sm/random_det_pkpt_head_pet_face_1183M_050e89a2_out/iq_model31/out/iq_model31_sv_model.tlf
39,/mnt/user_home/jinzhao/work/model_to_sm/random_det_pkpt_head_pet_face_1183M_050e89a2_out/iq_model103/out/iq_model103_sv_model.tlf
40,/mnt/user_home/jinzhao/work/model_to_sm/random_det_pkpt_head_pet_face_1183M_050e89a2_out/iq_model65/out/iq_model65_sv_model.tlf
41,/mnt/user_home/jinzhao/work/model_to_sm/random_det_pkpt_head_pet_face_1183M_050e89a2_out/iq_model32/out/iq_model32_sv_model.tlf
42,/mnt/user_home/jinzhao/work/model_to_sm/random_det_pkpt_head_pet_face_1183M_050e89a2_out/iq_model106/out/iq_model106_sv_model.tlf
43,/mnt/user_home/jinzhao/work/model_to_sm/random_det_pkpt_head_pet_face_1183M_050e89a2_out/iq_model30/out/iq_model30_sv_model.tlf
44,/mnt/user_home/jinzhao/work/model_to_sm/random_det_pkpt_head_pet_face_1183M_050e89a2_out/iq_model64/out/iq_model64_sv_model.tlf
45,/mnt/user_home/jinzhao/work/model_to_sm/random_det_pkpt_head_pet_face_1183M_050e89a2_out/iq_model83/out/iq_model83_sv_model.tlf
46,/mnt/user_home/jinzhao/work/model_to_sm/random_det_pkpt_head_pet_face_1183M_050e89a2_out/iq_model56/out/iq_model56_sv_model.tlf
47,/mnt/user_home/jinzhao/work/model_to_sm/random_det_pkpt_head_pet_face_1183M_050e89a2_out/iq_model28/out/iq_model28_sv_model.tlf
48,/mnt/user_home/jinzhao/work/model_to_sm/random_det_pkpt_head_pet_face_1183M_050e89a2_out/iq_model26/out/iq_model26_sv_model.tlf
49,/mnt/user_home/jinzhao/work/model_to_sm/random_det_pkpt_head_pet_face_1183M_050e89a2_out/iq_model24/out/iq_model24_sv_model.tlf
50,/mnt/user_home/jinzhao/work/model_to_sm/random_det_pkpt_head_pet_face_1183M_050e89a2_out/iq_model23/out/iq_model23_sv_model.tlf
51,/mnt/user_home/jinzhao/work/model_to_sm/random_det_pkpt_head_pet_face_1183M_050e89a2_out/iq_model22/out/iq_model22_sv_model.tlf
52,/mnt/user_home/jinzhao/work/model_to_sm/random_det_pkpt_head_pet_face_1183M_050e89a2_out/iq_model63/out/iq_model63_sv_model.tlf
53,/mnt/user_home/jinzhao/work/model_to_sm/random_det_pkpt_head_pet_face_1183M_050e89a2_out/iq_model47/out/iq_model47_sv_model.tlf
54,/mnt/user_home/jinzhao/work/model_to_sm/random_det_pkpt_head_pet_face_1183M_050e89a2_out/iq_model85/out/iq_model85_sv_model.tlf
55,/mnt/user_home/jinzhao/work/model_to_sm/random_det_pkpt_head_pet_face_1183M_050e89a2_out/iq_model20/out/iq_model20_sv_model.tlf
56,/mnt/user_home/jinzhao/work/model_to_sm/random_det_pkpt_head_pet_face_1183M_050e89a2_out/iq_model133/out/iq_model133_sv_model.tlf
57,/mnt/user_home/jinzhao/work/model_to_sm/random_det_pkpt_head_pet_face_1183M_050e89a2_out/iq_model17/out/iq_model17_sv_model.tlf
58,/mnt/user_home/jinzhao/work/model_to_sm/random_det_pkpt_head_pet_face_1183M_050e89a2_out/iq_model38/out/iq_model38_sv_model.tlf
59,/mnt/user_home/jinzhao/work/model_to_sm/random_det_pkpt_head_pet_face_1183M_050e89a2_out/iq_model51/out/iq_model51_sv_model.tlf
60,/mnt/user_home/jinzhao/work/model_to_sm/random_det_pkpt_head_pet_face_1183M_050e89a2_out/iq_model136/out/iq_model136_sv_model.tlf
61,/mnt/user_home/jinzhao/work/model_to_sm/random_det_pkpt_head_pet_face_1183M_050e89a2_out/iq_model77/out/iq_model77_sv_model.tlf
62,/mnt/user_home/jinzhao/work/model_to_sm/random_det_pkpt_head_pet_face_1183M_050e89a2_out/iq_model25/out/iq_model25_sv_model.tlf
63,/mnt/user_home/jinzhao/work/model_to_sm/random_det_pkpt_head_pet_face_1183M_050e89a2_out/iq_model91/out/iq_model91_sv_model.tlf
64,/mnt/user_home/jinzhao/work/model_to_sm/random_det_pkpt_head_pet_face_1183M_050e89a2_out/iq_model78/out/iq_model78_sv_model.tlf
65,/mnt/user_home/jinzhao/work/model_to_sm/random_det_pkpt_head_pet_face_1183M_050e89a2_out/iq_model80/out/iq_model80_sv_model.tlf
66,/mnt/user_home/jinzhao/work/model_to_sm/random_det_pkpt_head_pet_face_1183M_050e89a2_out/iq_model94/out/iq_model94_sv_model.tlf
67,/mnt/user_home/jinzhao/work/model_to_sm/random_det_pkpt_head_pet_face_1183M_050e89a2_out/iq_model90/out/iq_model90_sv_model.tlf
68,/mnt/user_home/jinzhao/work/model_to_sm/random_det_pkpt_head_pet_face_1183M_050e89a2_out/iq_model58/out/iq_model58_sv_model.tlf
69,/mnt/user_home/jinzhao/work/model_to_sm/random_det_pkpt_head_pet_face_1183M_050e89a2_out/iq_model95/out/iq_model95_sv_model.tlf
70,/mnt/user_home/jinzhao/work/model_to_sm/random_det_pkpt_head_pet_face_1183M_050e89a2_out/iq_model99/out/iq_model99_sv_model.tlf
71,/mnt/user_home/jinzhao/work/model_to_sm/random_det_pkpt_head_pet_face_1183M_050e89a2_out/iq_model101/out/iq_model101_sv_model.tlf
72,/mnt/user_home/jinzhao/work/model_to_sm/random_det_pkpt_head_pet_face_1183M_050e89a2_out/iq_model107/out/iq_model107_sv_model.tlf
73,/mnt/user_home/jinzhao/work/model_to_sm/random_det_pkpt_head_pet_face_1183M_050e89a2_out/iq_model109/out/iq_model109_sv_model.tlf
74,/mnt/user_home/jinzhao/work/model_to_sm/random_det_pkpt_head_pet_face_1183M_050e89a2_out/iq_model110/out/iq_model110_sv_model.tlf
75,/mnt/user_home/jinzhao/work/model_to_sm/random_det_pkpt_head_pet_face_1183M_050e89a2_out/iq_model111/out/iq_model111_sv_model.tlf
76,/mnt/user_home/jinzhao/work/model_to_sm/random_det_pkpt_head_pet_face_1183M_050e89a2_out/iq_model112/out/iq_model112_sv_model.tlf
77,/mnt/user_home/jinzhao/work/model_to_sm/random_det_pkpt_head_pet_face_1183M_050e89a2_out/iq_model113/out/iq_model113_sv_model.tlf
78,/mnt/user_home/jinzhao/work/model_to_sm/random_det_pkpt_head_pet_face_1183M_050e89a2_out/iq_model92/out/iq_model92_sv_model.tlf
79,/mnt/user_home/jinzhao/work/model_to_sm/random_det_pkpt_head_pet_face_1183M_050e89a2_out/iq_model115/out/iq_model115_sv_model.tlf
80,/mnt/user_home/jinzhao/work/model_to_sm/random_det_pkpt_head_pet_face_1183M_050e89a2_out/iq_model116/out/iq_model116_sv_model.tlf
81,/mnt/user_home/jinzhao/work/model_to_sm/random_det_pkpt_head_pet_face_1183M_050e89a2_out/iq_model121/out/iq_model121_sv_model.tlf
82,/mnt/user_home/jinzhao/work/model_to_sm/random_det_pkpt_head_pet_face_1183M_050e89a2_out/iq_model53/out/iq_model53_sv_model.tlf
83,/mnt/user_home/jinzhao/work/model_to_sm/random_det_pkpt_head_pet_face_1183M_050e89a2_out/iq_model108/out/iq_model108_sv_model.tlf
84,/mnt/user_home/jinzhao/work/model_to_sm/random_det_pkpt_head_pet_face_1183M_050e89a2_out/iq_model19/out/iq_model19_sv_model.tlf
85,/mnt/user_home/jinzhao/work/model_to_sm/random_det_pkpt_head_pet_face_1183M_050e89a2_out/iq_model75/out/iq_model75_sv_model.tlf
86,/mnt/user_home/jinzhao/work/model_to_sm/random_det_pkpt_head_pet_face_1183M_050e89a2_out/iq_model45/out/iq_model45_sv_model.tlf
87,/mnt/user_home/jinzhao/work/model_to_sm/random_det_pkpt_head_pet_face_1183M_050e89a2_out/iq_model122/out/iq_model122_sv_model.tlf
88,/mnt/user_home/jinzhao/work/model_to_sm/random_det_pkpt_head_pet_face_1183M_050e89a2_out/iq_model48/out/iq_model48_sv_model.tlf
89,/mnt/user_home/jinzhao/work/model_to_sm/random_det_pkpt_head_pet_face_1183M_050e89a2_out/iq_model124/out/iq_model124_sv_model.tlf
90,/mnt/user_home/jinzhao/work/model_to_sm/random_det_pkpt_head_pet_face_1183M_050e89a2_out/iq_model150/out/iq_model150_sv_model.tlf
91,/mnt/user_home/jinzhao/work/model_to_sm/random_det_pkpt_head_pet_face_1183M_050e89a2_out/iq_model125/out/iq_model125_sv_model.tlf
92,/mnt/user_home/jinzhao/work/model_to_sm/random_det_pkpt_head_pet_face_1183M_050e89a2_out/iq_model127/out/iq_model127_sv_model.tlf
93,/mnt/user_home/jinzhao/work/model_to_sm/random_det_pkpt_head_pet_face_1183M_050e89a2_out/iq_model27/out/iq_model27_sv_model.tlf
94,/mnt/user_home/jinzhao/work/model_to_sm/random_det_pkpt_head_pet_face_1183M_050e89a2_out/iq_model129/out/iq_model129_sv_model.tlf
95,/mnt/user_home/jinzhao/work/model_to_sm/random_det_pkpt_head_pet_face_1183M_050e89a2_out/iq_model130/out/iq_model130_sv_model.tlf
96,/mnt/user_home/jinzhao/work/model_to_sm/random_det_pkpt_head_pet_face_1183M_050e89a2_out/iq_model117/out/iq_model117_sv_model.tlf
97,/mnt/user_home/jinzhao/work/model_to_sm/random_det_pkpt_head_pet_face_1183M_050e89a2_out/iq_model126/out/iq_model126_sv_model.tlf
98,/mnt/user_home/jinzhao/work/model_to_sm/random_det_pkpt_head_pet_face_1183M_050e89a2_out/iq_model131/out/iq_model131_sv_model.tlf
99,/mnt/user_home/jinzhao/work/model_to_sm/random_det_pkpt_head_pet_face_1183M_050e89a2_out/iq_model132/out/iq_model132_sv_model.tlf
100,/mnt/user_home/jinzhao/work/model_to_sm/random_det_pkpt_head_pet_face_1183M_050e89a2_out/iq_model149/out/iq_model149_sv_model.tlf
101,/mnt/user_home/jinzhao/work/model_to_sm/random_det_pkpt_head_pet_face_1183M_050e89a2_out/iq_model102/out/iq_model102_sv_model.tlf
102,/mnt/user_home/jinzhao/work/model_to_sm/random_det_pkpt_head_pet_face_1183M_050e89a2_out/iq_model134/out/iq_model134_sv_model.tlf
103,/mnt/user_home/jinzhao/work/model_to_sm/random_det_pkpt_head_pet_face_1183M_050e89a2_out/iq_model137/out/iq_model137_sv_model.tlf
104,/mnt/user_home/jinzhao/work/model_to_sm/random_det_pkpt_head_pet_face_1183M_050e89a2_out/iq_model41/out/iq_model41_sv_model.tlf
105,/mnt/user_home/jinzhao/work/model_to_sm/random_det_pkpt_head_pet_face_1183M_050e89a2_out/iq_model70/out/iq_model70_sv_model.tlf
106,/mnt/user_home/jinzhao/work/model_to_sm/random_det_pkpt_head_pet_face_1183M_050e89a2_out/iq_model138/out/iq_model138_sv_model.tlf
107,/mnt/user_home/jinzhao/work/model_to_sm/random_det_pkpt_head_pet_face_1183M_050e89a2_out/iq_model119/out/iq_model119_sv_model.tlf
108,/mnt/user_home/jinzhao/work/model_to_sm/random_det_pkpt_head_pet_face_1183M_050e89a2_out/iq_model141/out/iq_model141_sv_model.tlf
109,/mnt/user_home/jinzhao/work/model_to_sm/random_det_pkpt_head_pet_face_1183M_050e89a2_out/iq_model123/out/iq_model123_sv_model.tlf
110,/mnt/user_home/jinzhao/work/model_to_sm/random_det_pkpt_head_pet_face_1183M_050e89a2_out/iq_model144/out/iq_model144_sv_model.tlf
111,/mnt/user_home/jinzhao/work/model_to_sm/random_det_pkpt_head_pet_face_1183M_050e89a2_out/iq_model97/out/iq_model97_sv_model.tlf
112,/mnt/user_home/jinzhao/work/model_to_sm/random_det_pkpt_head_pet_face_1183M_050e89a2_out/iq_model76/out/iq_model76_sv_model.tlf
113,/mnt/user_home/jinzhao/work/model_to_sm/random_det_pkpt_head_pet_face_1183M_050e89a2_out/iq_model88/out/iq_model88_sv_model.tlf
114,/mnt/user_home/jinzhao/work/model_to_sm/random_det_pkpt_head_pet_face_1183M_050e89a2_out/iq_model139/out/iq_model139_sv_model.tlf
115,/mnt/user_home/jinzhao/work/model_to_sm/random_det_pkpt_head_pet_face_1183M_050e89a2_out/iq_model143/out/iq_model143_sv_model.tlf
116,/mnt/user_home/jinzhao/work/model_to_sm/random_det_pkpt_head_pet_face_1183M_050e89a2_out/iq_model145/out/iq_model145_sv_model.tlf
117,/mnt/user_home/jinzhao/work/model_to_sm/random_det_pkpt_head_pet_face_1183M_050e89a2_out/iq_model68/out/iq_model68_sv_model.tlf
118,/mnt/user_home/jinzhao/work/model_to_sm/random_det_pkpt_head_pet_face_1183M_050e89a2_out/iq_model105/out/iq_model105_sv_model.tlf
119,/mnt/user_home/jinzhao/work/model_to_sm/random_det_pkpt_head_pet_face_1183M_050e89a2_out/iq_model21/out/iq_model21_sv_model.tlf
120,/mnt/user_home/jinzhao/work/model_to_sm/random_det_pkpt_head_pet_face_1183M_050e89a2_out/iq_model147/out/iq_model147_sv_model.tlf
121,/mnt/user_home/jinzhao/work/model_to_sm/random_det_pkpt_head_pet_face_1183M_050e89a2_out/iq_model81/out/iq_model81_sv_model.tlf
122,/mnt/user_home/jinzhao/work/model_to_sm/random_det_pkpt_head_pet_face_1183M_050e89a2_out/iq_model142/out/iq_model142_sv_model.tlf
123,/mnt/user_home/jinzhao/work/model_to_sm/random_det_pkpt_head_pet_face_1183M_050e89a2_out/iq_model151/out/iq_model151_sv_model.tlf
124,/mnt/user_home/jinzhao/work/model_to_sm/random_det_pkpt_head_pet_face_1183M_050e89a2_out/iq_model120/out/iq_model120_sv_model.tlf
125,/mnt/user_home/jinzhao/work/model_to_sm/random_det_pkpt_head_pet_face_1183M_050e89a2_out/iq_model152/out/iq_model152_sv_model.tlf
126,/mnt/user_home/jinzhao/work/model_to_sm/random_det_pkpt_head_pet_face_1183M_050e89a2_out/iq_model86/out/iq_model86_sv_model.tlf
127,/mnt/user_home/jinzhao/work/model_to_sm/random_det_pkpt_head_pet_face_1183M_050e89a2_out/iq_model16/out/iq_model16_sv_model.tlf
128,/mnt/user_home/jinzhao/work/model_to_sm/random_det_pkpt_head_pet_face_1183M_050e89a2_out/iq_model84/out/iq_model84_sv_model.tlf
129,/mnt/user_home/jinzhao/work/model_to_sm/random_det_pkpt_head_pet_face_1183M_050e89a2_out/iq_model15/out/iq_model15_sv_model.tlf
130,/mnt/user_home/jinzhao/work/model_to_sm/random_det_pkpt_head_pet_face_1183M_050e89a2_out/iq_model14/out/iq_model14_sv_model.tlf
131,/mnt/user_home/jinzhao/work/model_to_sm/random_det_pkpt_head_pet_face_1183M_050e89a2_out/iq_model135/out/iq_model135_sv_model.tlf
132,/mnt/user_home/jinzhao/work/model_to_sm/random_det_pkpt_head_pet_face_1183M_050e89a2_out/iq_model13/out/iq_model13_sv_model.tlf
133,/mnt/user_home/jinzhao/work/model_to_sm/random_det_pkpt_head_pet_face_1183M_050e89a2_out/iq_model12/out/iq_model12_sv_model.tlf
134,/mnt/user_home/jinzhao/work/model_to_sm/random_det_pkpt_head_pet_face_1183M_050e89a2_out/iq_model11/out/iq_model11_sv_model.tlf
135,/mnt/user_home/jinzhao/work/model_to_sm/random_det_pkpt_head_pet_face_1183M_050e89a2_out/iq_model128/out/iq_model128_sv_model.tlf
136,/mnt/user_home/jinzhao/work/model_to_sm/random_det_pkpt_head_pet_face_1183M_050e89a2_out/iq_model10/out/iq_model10_sv_model.tlf
137,/mnt/user_home/jinzhao/work/model_to_sm/random_det_pkpt_head_pet_face_1183M_050e89a2_out/iq_model114/out/iq_model114_sv_model.tlf
138,/mnt/user_home/jinzhao/work/model_to_sm/random_det_pkpt_head_pet_face_1183M_050e89a2_out/iq_model9/out/iq_model9_sv_model.tlf
139,/mnt/user_home/jinzhao/work/model_to_sm/random_det_pkpt_head_pet_face_1183M_050e89a2_out/iq_model8/out/iq_model8_sv_model.tlf
140,/mnt/user_home/jinzhao/work/model_to_sm/random_det_pkpt_head_pet_face_1183M_050e89a2_out/iq_model7/out/iq_model7_sv_model.tlf
141,/mnt/user_home/jinzhao/work/model_to_sm/random_det_pkpt_head_pet_face_1183M_050e89a2_out/iq_model148/out/iq_model148_sv_model.tlf
142,/mnt/user_home/jinzhao/work/model_to_sm/random_det_pkpt_head_pet_face_1183M_050e89a2_out/iq_model6/out/iq_model6_sv_model.tlf
143,/mnt/user_home/jinzhao/work/model_to_sm/random_det_pkpt_head_pet_face_1183M_050e89a2_out/iq_model140/out/iq_model140_sv_model.tlf
144,/mnt/user_home/jinzhao/work/model_to_sm/random_det_pkpt_head_pet_face_1183M_050e89a2_out/iq_model5/out/iq_model5_sv_model.tlf
145,/mnt/user_home/jinzhao/work/model_to_sm/random_det_pkpt_head_pet_face_1183M_050e89a2_out/iq_model4/out/iq_model4_sv_model.tlf
146,/mnt/user_home/jinzhao/work/model_to_sm/random_det_pkpt_head_pet_face_1183M_050e89a2_out/iq_model93/out/iq_model93_sv_model.tlf
147,/mnt/user_home/jinzhao/work/model_to_sm/random_det_pkpt_head_pet_face_1183M_050e89a2_out/iq_model3/out/iq_model3_sv_model.tlf
148,/mnt/user_home/jinzhao/work/model_to_sm/random_det_pkpt_head_pet_face_1183M_050e89a2_out/iq_model2/out/iq_model2_sv_model.tlf
149,/mnt/user_home/jinzhao/work/model_to_sm/random_det_pkpt_head_pet_face_1183M_050e89a2_out/iq_model1/out/iq_model1_sv_model.tlf
150,/mnt/user_home/jinzhao/work/model_to_sm/random_det_pkpt_head_pet_face_1183M_050e89a2_out/iq_model79/out/iq_model79_sv_model.tlf
151,/mnt/user_home/jinzhao/work/model_to_sm/random_det_pkpt_head_pet_face_1183M_050e89a2_out/iq_model60/out/iq_model60_sv_model.tlf
152,/mnt/user_home/jinzhao/work/model_to_sm/random_det_pkpt_head_pet_face_1183M_050e89a2_out/iq_model0/out/iq_model0_sv_model.tlf
