0,/mnt/user_home/jinzhao/work/model_to_sm/quant_yolo11n_op_out/iq_model257/out/iq_model257_sv_model.tlf
1,/mnt/user_home/jinzhao/work/model_to_sm/quant_yolo11n_op_out/iq_model378/out/iq_model378_sv_model.tlf
2,/mnt/user_home/jinzhao/work/model_to_sm/quant_yolo11n_op_out/iq_model231/out/iq_model231_sv_model.tlf
3,/mnt/user_home/jinzhao/work/model_to_sm/quant_yolo11n_op_out/iq_model292/out/iq_model292_sv_model.tlf
4,/mnt/user_home/jinzhao/work/model_to_sm/quant_yolo11n_op_out/iq_model146/out/iq_model146_sv_model.tlf
5,/mnt/user_home/jinzhao/work/model_to_sm/quant_yolo11n_op_out/iq_model166/out/iq_model166_sv_model.tlf
6,/mnt/user_home/jinzhao/work/model_to_sm/quant_yolo11n_op_out/iq_model152/out/iq_model152_sv_model.tlf
7,/mnt/user_home/jinzhao/work/model_to_sm/quant_yolo11n_op_out/iq_model189/out/iq_model189_sv_model.tlf
8,/mnt/user_home/jinzhao/work/model_to_sm/quant_yolo11n_op_out/iq_model314/out/iq_model314_sv_model.tlf
9,/mnt/user_home/jinzhao/work/model_to_sm/quant_yolo11n_op_out/iq_model228/out/iq_model228_sv_model.tlf
10,/mnt/user_home/jinzhao/work/model_to_sm/quant_yolo11n_op_out/iq_model225/out/iq_model225_sv_model.tlf
11,/mnt/user_home/jinzhao/work/model_to_sm/quant_yolo11n_op_out/iq_model298/out/iq_model298_sv_model.tlf
12,/mnt/user_home/jinzhao/work/model_to_sm/quant_yolo11n_op_out/iq_model276/out/iq_model276_sv_model.tlf
13,/mnt/user_home/jinzhao/work/model_to_sm/quant_yolo11n_op_out/iq_model281/out/iq_model281_sv_model.tlf
14,/mnt/user_home/jinzhao/work/model_to_sm/quant_yolo11n_op_out/iq_model205/out/iq_model205_sv_model.tlf
15,/mnt/user_home/jinzhao/work/model_to_sm/quant_yolo11n_op_out/iq_model289/out/iq_model289_sv_model.tlf
16,/mnt/user_home/jinzhao/work/model_to_sm/quant_yolo11n_op_out/iq_model240/out/iq_model240_sv_model.tlf
17,/mnt/user_home/jinzhao/work/model_to_sm/quant_yolo11n_op_out/iq_model229/out/iq_model229_sv_model.tlf
18,/mnt/user_home/jinzhao/work/model_to_sm/quant_yolo11n_op_out/iq_model219/out/iq_model219_sv_model.tlf
19,/mnt/user_home/jinzhao/work/model_to_sm/quant_yolo11n_op_out/iq_model218/out/iq_model218_sv_model.tlf
20,/mnt/user_home/jinzhao/work/model_to_sm/quant_yolo11n_op_out/iq_model215/out/iq_model215_sv_model.tlf
21,/mnt/user_home/jinzhao/work/model_to_sm/quant_yolo11n_op_out/iq_model243/out/iq_model243_sv_model.tlf
22,/mnt/user_home/jinzhao/work/model_to_sm/quant_yolo11n_op_out/iq_model328/out/iq_model328_sv_model.tlf
23,/mnt/user_home/jinzhao/work/model_to_sm/quant_yolo11n_op_out/iq_model312/out/iq_model312_sv_model.tlf
24,/mnt/user_home/jinzhao/work/model_to_sm/quant_yolo11n_op_out/iq_model260/out/iq_model260_sv_model.tlf
25,/mnt/user_home/jinzhao/work/model_to_sm/quant_yolo11n_op_out/iq_model234/out/iq_model234_sv_model.tlf
26,/mnt/user_home/jinzhao/work/model_to_sm/quant_yolo11n_op_out/iq_model201/out/iq_model201_sv_model.tlf
27,/mnt/user_home/jinzhao/work/model_to_sm/quant_yolo11n_op_out/iq_model197/out/iq_model197_sv_model.tlf
28,/mnt/user_home/jinzhao/work/model_to_sm/quant_yolo11n_op_out/iq_model187/out/iq_model187_sv_model.tlf
29,/mnt/user_home/jinzhao/work/model_to_sm/quant_yolo11n_op_out/iq_model262/out/iq_model262_sv_model.tlf
30,/mnt/user_home/jinzhao/work/model_to_sm/quant_yolo11n_op_out/iq_model268/out/iq_model268_sv_model.tlf
31,/mnt/user_home/jinzhao/work/model_to_sm/quant_yolo11n_op_out/iq_model341/out/iq_model341_sv_model.tlf
32,/mnt/user_home/jinzhao/work/model_to_sm/quant_yolo11n_op_out/iq_model315/out/iq_model315_sv_model.tlf
33,/mnt/user_home/jinzhao/work/model_to_sm/quant_yolo11n_op_out/iq_model226/out/iq_model226_sv_model.tlf
34,/mnt/user_home/jinzhao/work/model_to_sm/quant_yolo11n_op_out/iq_model277/out/iq_model277_sv_model.tlf
35,/mnt/user_home/jinzhao/work/model_to_sm/quant_yolo11n_op_out/iq_model297/out/iq_model297_sv_model.tlf
36,/mnt/user_home/jinzhao/work/model_to_sm/quant_yolo11n_op_out/iq_model279/out/iq_model279_sv_model.tlf
37,/mnt/user_home/jinzhao/work/model_to_sm/quant_yolo11n_op_out/iq_model212/out/iq_model212_sv_model.tlf
38,/mnt/user_home/jinzhao/work/model_to_sm/quant_yolo11n_op_out/iq_model282/out/iq_model282_sv_model.tlf
39,/mnt/user_home/jinzhao/work/model_to_sm/quant_yolo11n_op_out/iq_model354/out/iq_model354_sv_model.tlf
40,/mnt/user_home/jinzhao/work/model_to_sm/quant_yolo11n_op_out/iq_model247/out/iq_model247_sv_model.tlf
41,/mnt/user_home/jinzhao/work/model_to_sm/quant_yolo11n_op_out/iq_model242/out/iq_model242_sv_model.tlf
42,/mnt/user_home/jinzhao/work/model_to_sm/quant_yolo11n_op_out/iq_model206/out/iq_model206_sv_model.tlf
43,/mnt/user_home/jinzhao/work/model_to_sm/quant_yolo11n_op_out/iq_model320/out/iq_model320_sv_model.tlf
44,/mnt/user_home/jinzhao/work/model_to_sm/quant_yolo11n_op_out/iq_model190/out/iq_model190_sv_model.tlf
45,/mnt/user_home/jinzhao/work/model_to_sm/quant_yolo11n_op_out/iq_model290/out/iq_model290_sv_model.tlf
46,/mnt/user_home/jinzhao/work/model_to_sm/quant_yolo11n_op_out/iq_model270/out/iq_model270_sv_model.tlf
47,/mnt/user_home/jinzhao/work/model_to_sm/quant_yolo11n_op_out/iq_model304/out/iq_model304_sv_model.tlf
48,/mnt/user_home/jinzhao/work/model_to_sm/quant_yolo11n_op_out/iq_model261/out/iq_model261_sv_model.tlf
49,/mnt/user_home/jinzhao/work/model_to_sm/quant_yolo11n_op_out/iq_model300/out/iq_model300_sv_model.tlf
50,/mnt/user_home/jinzhao/work/model_to_sm/quant_yolo11n_op_out/iq_model302/out/iq_model302_sv_model.tlf
51,/mnt/user_home/jinzhao/work/model_to_sm/quant_yolo11n_op_out/iq_model303/out/iq_model303_sv_model.tlf
52,/mnt/user_home/jinzhao/work/model_to_sm/quant_yolo11n_op_out/iq_model199/out/iq_model199_sv_model.tlf
53,/mnt/user_home/jinzhao/work/model_to_sm/quant_yolo11n_op_out/iq_model264/out/iq_model264_sv_model.tlf
54,/mnt/user_home/jinzhao/work/model_to_sm/quant_yolo11n_op_out/iq_model180/out/iq_model180_sv_model.tlf
55,/mnt/user_home/jinzhao/work/model_to_sm/quant_yolo11n_op_out/iq_model271/out/iq_model271_sv_model.tlf
56,/mnt/user_home/jinzhao/work/model_to_sm/quant_yolo11n_op_out/iq_model334/out/iq_model334_sv_model.tlf
57,/mnt/user_home/jinzhao/work/model_to_sm/quant_yolo11n_op_out/iq_model193/out/iq_model193_sv_model.tlf
58,/mnt/user_home/jinzhao/work/model_to_sm/quant_yolo11n_op_out/iq_model237/out/iq_model237_sv_model.tlf
59,/mnt/user_home/jinzhao/work/model_to_sm/quant_yolo11n_op_out/iq_model398/out/iq_model398_sv_model.tlf
60,/mnt/user_home/jinzhao/work/model_to_sm/quant_yolo11n_op_out/iq_model195/out/iq_model195_sv_model.tlf
61,/mnt/user_home/jinzhao/work/model_to_sm/quant_yolo11n_op_out/iq_model142/out/iq_model142_sv_model.tlf
62,/mnt/user_home/jinzhao/work/model_to_sm/quant_yolo11n_op_out/iq_model185/out/iq_model185_sv_model.tlf
63,/mnt/user_home/jinzhao/work/model_to_sm/quant_yolo11n_op_out/iq_model175/out/iq_model175_sv_model.tlf
64,/mnt/user_home/jinzhao/work/model_to_sm/quant_yolo11n_op_out/iq_model254/out/iq_model254_sv_model.tlf
65,/mnt/user_home/jinzhao/work/model_to_sm/quant_yolo11n_op_out/iq_model211/out/iq_model211_sv_model.tlf
66,/mnt/user_home/jinzhao/work/model_to_sm/quant_yolo11n_op_out/iq_model295/out/iq_model295_sv_model.tlf
67,/mnt/user_home/jinzhao/work/model_to_sm/quant_yolo11n_op_out/iq_model423/out/iq_model423_sv_model.tlf
68,/mnt/user_home/jinzhao/work/model_to_sm/quant_yolo11n_op_out/iq_model250/out/iq_model250_sv_model.tlf
69,/mnt/user_home/jinzhao/work/model_to_sm/quant_yolo11n_op_out/iq_model172/out/iq_model172_sv_model.tlf
70,/mnt/user_home/jinzhao/work/model_to_sm/quant_yolo11n_op_out/iq_model222/out/iq_model222_sv_model.tlf
71,/mnt/user_home/jinzhao/work/model_to_sm/quant_yolo11n_op_out/iq_model167/out/iq_model167_sv_model.tlf
72,/mnt/user_home/jinzhao/work/model_to_sm/quant_yolo11n_op_out/iq_model427/out/iq_model427_sv_model.tlf
73,/mnt/user_home/jinzhao/work/model_to_sm/quant_yolo11n_op_out/iq_model165/out/iq_model165_sv_model.tlf
74,/mnt/user_home/jinzhao/work/model_to_sm/quant_yolo11n_op_out/iq_model332/out/iq_model332_sv_model.tlf
75,/mnt/user_home/jinzhao/work/model_to_sm/quant_yolo11n_op_out/iq_model164/out/iq_model164_sv_model.tlf
76,/mnt/user_home/jinzhao/work/model_to_sm/quant_yolo11n_op_out/iq_model157/out/iq_model157_sv_model.tlf
77,/mnt/user_home/jinzhao/work/model_to_sm/quant_yolo11n_op_out/iq_model156/out/iq_model156_sv_model.tlf
78,/mnt/user_home/jinzhao/work/model_to_sm/quant_yolo11n_op_out/iq_model154/out/iq_model154_sv_model.tlf
79,/mnt/user_home/jinzhao/work/model_to_sm/quant_yolo11n_op_out/iq_model350/out/iq_model350_sv_model.tlf
80,/mnt/user_home/jinzhao/work/model_to_sm/quant_yolo11n_op_out/iq_model301/out/iq_model301_sv_model.tlf
81,/mnt/user_home/jinzhao/work/model_to_sm/quant_yolo11n_op_out/iq_model365/out/iq_model365_sv_model.tlf
82,/mnt/user_home/jinzhao/work/model_to_sm/quant_yolo11n_op_out/iq_model151/out/iq_model151_sv_model.tlf
83,/mnt/user_home/jinzhao/work/model_to_sm/quant_yolo11n_op_out/iq_model214/out/iq_model214_sv_model.tlf
84,/mnt/user_home/jinzhao/work/model_to_sm/quant_yolo11n_op_out/iq_model150/out/iq_model150_sv_model.tlf
85,/mnt/user_home/jinzhao/work/model_to_sm/quant_yolo11n_op_out/iq_model148/out/iq_model148_sv_model.tlf
86,/mnt/user_home/jinzhao/work/model_to_sm/quant_yolo11n_op_out/iq_model294/out/iq_model294_sv_model.tlf
87,/mnt/user_home/jinzhao/work/model_to_sm/quant_yolo11n_op_out/iq_model280/out/iq_model280_sv_model.tlf
88,/mnt/user_home/jinzhao/work/model_to_sm/quant_yolo11n_op_out/iq_model147/out/iq_model147_sv_model.tlf
89,/mnt/user_home/jinzhao/work/model_to_sm/quant_yolo11n_op_out/iq_model144/out/iq_model144_sv_model.tlf
90,/mnt/user_home/jinzhao/work/model_to_sm/quant_yolo11n_op_out/iq_model141/out/iq_model141_sv_model.tlf
91,/mnt/user_home/jinzhao/work/model_to_sm/quant_yolo11n_op_out/iq_model139/out/iq_model139_sv_model.tlf
92,/mnt/user_home/jinzhao/work/model_to_sm/quant_yolo11n_op_out/iq_model138/out/iq_model138_sv_model.tlf
93,/mnt/user_home/jinzhao/work/model_to_sm/quant_yolo11n_op_out/iq_model278/out/iq_model278_sv_model.tlf
94,/mnt/user_home/jinzhao/work/model_to_sm/quant_yolo11n_op_out/iq_model135/out/iq_model135_sv_model.tlf
95,/mnt/user_home/jinzhao/work/model_to_sm/quant_yolo11n_op_out/iq_model210/out/iq_model210_sv_model.tlf
96,/mnt/user_home/jinzhao/work/model_to_sm/quant_yolo11n_op_out/iq_model404/out/iq_model404_sv_model.tlf
97,/mnt/user_home/jinzhao/work/model_to_sm/quant_yolo11n_op_out/iq_model176/out/iq_model176_sv_model.tlf
98,/mnt/user_home/jinzhao/work/model_to_sm/quant_yolo11n_op_out/iq_model134/out/iq_model134_sv_model.tlf
99,/mnt/user_home/jinzhao/work/model_to_sm/quant_yolo11n_op_out/iq_model235/out/iq_model235_sv_model.tlf
100,/mnt/user_home/jinzhao/work/model_to_sm/quant_yolo11n_op_out/iq_model188/out/iq_model188_sv_model.tlf
101,/mnt/user_home/jinzhao/work/model_to_sm/quant_yolo11n_op_out/iq_model131/out/iq_model131_sv_model.tlf
102,/mnt/user_home/jinzhao/work/model_to_sm/quant_yolo11n_op_out/iq_model256/out/iq_model256_sv_model.tlf
103,/mnt/user_home/jinzhao/work/model_to_sm/quant_yolo11n_op_out/iq_model127/out/iq_model127_sv_model.tlf
104,/mnt/user_home/jinzhao/work/model_to_sm/quant_yolo11n_op_out/iq_model145/out/iq_model145_sv_model.tlf
105,/mnt/user_home/jinzhao/work/model_to_sm/quant_yolo11n_op_out/iq_model126/out/iq_model126_sv_model.tlf
106,/mnt/user_home/jinzhao/work/model_to_sm/quant_yolo11n_op_out/iq_model213/out/iq_model213_sv_model.tlf
107,/mnt/user_home/jinzhao/work/model_to_sm/quant_yolo11n_op_out/iq_model169/out/iq_model169_sv_model.tlf
108,/mnt/user_home/jinzhao/work/model_to_sm/quant_yolo11n_op_out/iq_model136/out/iq_model136_sv_model.tlf
109,/mnt/user_home/jinzhao/work/model_to_sm/quant_yolo11n_op_out/iq_model288/out/iq_model288_sv_model.tlf
110,/mnt/user_home/jinzhao/work/model_to_sm/quant_yolo11n_op_out/iq_model322/out/iq_model322_sv_model.tlf
111,/mnt/user_home/jinzhao/work/model_to_sm/quant_yolo11n_op_out/iq_model128/out/iq_model128_sv_model.tlf
112,/mnt/user_home/jinzhao/work/model_to_sm/quant_yolo11n_op_out/iq_model203/out/iq_model203_sv_model.tlf
113,/mnt/user_home/jinzhao/work/model_to_sm/quant_yolo11n_op_out/iq_model168/out/iq_model168_sv_model.tlf
114,/mnt/user_home/jinzhao/work/model_to_sm/quant_yolo11n_op_out/iq_model390/out/iq_model390_sv_model.tlf
115,/mnt/user_home/jinzhao/work/model_to_sm/quant_yolo11n_op_out/iq_model159/out/iq_model159_sv_model.tlf
116,/mnt/user_home/jinzhao/work/model_to_sm/quant_yolo11n_op_out/iq_model153/out/iq_model153_sv_model.tlf
117,/mnt/user_home/jinzhao/work/model_to_sm/quant_yolo11n_op_out/iq_model217/out/iq_model217_sv_model.tlf
118,/mnt/user_home/jinzhao/work/model_to_sm/quant_yolo11n_op_out/iq_model259/out/iq_model259_sv_model.tlf
119,/mnt/user_home/jinzhao/work/model_to_sm/quant_yolo11n_op_out/iq_model125/out/iq_model125_sv_model.tlf
120,/mnt/user_home/jinzhao/work/model_to_sm/quant_yolo11n_op_out/iq_model140/out/iq_model140_sv_model.tlf
121,/mnt/user_home/jinzhao/work/model_to_sm/quant_yolo11n_op_out/iq_model274/out/iq_model274_sv_model.tlf
122,/mnt/user_home/jinzhao/work/model_to_sm/quant_yolo11n_op_out/iq_model170/out/iq_model170_sv_model.tlf
123,/mnt/user_home/jinzhao/work/model_to_sm/quant_yolo11n_op_out/iq_model162/out/iq_model162_sv_model.tlf
124,/mnt/user_home/jinzhao/work/model_to_sm/quant_yolo11n_op_out/iq_model183/out/iq_model183_sv_model.tlf
125,/mnt/user_home/jinzhao/work/model_to_sm/quant_yolo11n_op_out/iq_model123/out/iq_model123_sv_model.tlf
126,/mnt/user_home/jinzhao/work/model_to_sm/quant_yolo11n_op_out/iq_model120/out/iq_model120_sv_model.tlf
127,/mnt/user_home/jinzhao/work/model_to_sm/quant_yolo11n_op_out/iq_model307/out/iq_model307_sv_model.tlf
128,/mnt/user_home/jinzhao/work/model_to_sm/quant_yolo11n_op_out/iq_model265/out/iq_model265_sv_model.tlf
129,/mnt/user_home/jinzhao/work/model_to_sm/quant_yolo11n_op_out/iq_model308/out/iq_model308_sv_model.tlf
130,/mnt/user_home/jinzhao/work/model_to_sm/quant_yolo11n_op_out/iq_model326/out/iq_model326_sv_model.tlf
131,/mnt/user_home/jinzhao/work/model_to_sm/quant_yolo11n_op_out/iq_model309/out/iq_model309_sv_model.tlf
132,/mnt/user_home/jinzhao/work/model_to_sm/quant_yolo11n_op_out/iq_model310/out/iq_model310_sv_model.tlf
133,/mnt/user_home/jinzhao/work/model_to_sm/quant_yolo11n_op_out/iq_model317/out/iq_model317_sv_model.tlf
134,/mnt/user_home/jinzhao/work/model_to_sm/quant_yolo11n_op_out/iq_model232/out/iq_model232_sv_model.tlf
135,/mnt/user_home/jinzhao/work/model_to_sm/quant_yolo11n_op_out/iq_model399/out/iq_model399_sv_model.tlf
136,/mnt/user_home/jinzhao/work/model_to_sm/quant_yolo11n_op_out/iq_model173/out/iq_model173_sv_model.tlf
137,/mnt/user_home/jinzhao/work/model_to_sm/quant_yolo11n_op_out/iq_model263/out/iq_model263_sv_model.tlf
138,/mnt/user_home/jinzhao/work/model_to_sm/quant_yolo11n_op_out/iq_model313/out/iq_model313_sv_model.tlf
139,/mnt/user_home/jinzhao/work/model_to_sm/quant_yolo11n_op_out/iq_model318/out/iq_model318_sv_model.tlf
140,/mnt/user_home/jinzhao/work/model_to_sm/quant_yolo11n_op_out/iq_model319/out/iq_model319_sv_model.tlf
141,/mnt/user_home/jinzhao/work/model_to_sm/quant_yolo11n_op_out/iq_model323/out/iq_model323_sv_model.tlf
142,/mnt/user_home/jinzhao/work/model_to_sm/quant_yolo11n_op_out/iq_model327/out/iq_model327_sv_model.tlf
143,/mnt/user_home/jinzhao/work/model_to_sm/quant_yolo11n_op_out/iq_model160/out/iq_model160_sv_model.tlf
144,/mnt/user_home/jinzhao/work/model_to_sm/quant_yolo11n_op_out/iq_model241/out/iq_model241_sv_model.tlf
145,/mnt/user_home/jinzhao/work/model_to_sm/quant_yolo11n_op_out/iq_model194/out/iq_model194_sv_model.tlf
146,/mnt/user_home/jinzhao/work/model_to_sm/quant_yolo11n_op_out/iq_model329/out/iq_model329_sv_model.tlf
147,/mnt/user_home/jinzhao/work/model_to_sm/quant_yolo11n_op_out/iq_model333/out/iq_model333_sv_model.tlf
148,/mnt/user_home/jinzhao/work/model_to_sm/quant_yolo11n_op_out/iq_model392/out/iq_model392_sv_model.tlf
149,/mnt/user_home/jinzhao/work/model_to_sm/quant_yolo11n_op_out/iq_model389/out/iq_model389_sv_model.tlf
150,/mnt/user_home/jinzhao/work/model_to_sm/quant_yolo11n_op_out/iq_model223/out/iq_model223_sv_model.tlf
151,/mnt/user_home/jinzhao/work/model_to_sm/quant_yolo11n_op_out/iq_model335/out/iq_model335_sv_model.tlf
152,/mnt/user_home/jinzhao/work/model_to_sm/quant_yolo11n_op_out/iq_model434/out/iq_model434_sv_model.tlf
153,/mnt/user_home/jinzhao/work/model_to_sm/quant_yolo11n_op_out/iq_model339/out/iq_model339_sv_model.tlf
154,/mnt/user_home/jinzhao/work/model_to_sm/quant_yolo11n_op_out/iq_model342/out/iq_model342_sv_model.tlf
155,/mnt/user_home/jinzhao/work/model_to_sm/quant_yolo11n_op_out/iq_model405/out/iq_model405_sv_model.tlf
156,/mnt/user_home/jinzhao/work/model_to_sm/quant_yolo11n_op_out/iq_model430/out/iq_model430_sv_model.tlf
157,/mnt/user_home/jinzhao/work/model_to_sm/quant_yolo11n_op_out/iq_model275/out/iq_model275_sv_model.tlf
158,/mnt/user_home/jinzhao/work/model_to_sm/quant_yolo11n_op_out/iq_model269/out/iq_model269_sv_model.tlf
159,/mnt/user_home/jinzhao/work/model_to_sm/quant_yolo11n_op_out/iq_model346/out/iq_model346_sv_model.tlf
160,/mnt/user_home/jinzhao/work/model_to_sm/quant_yolo11n_op_out/iq_model352/out/iq_model352_sv_model.tlf
161,/mnt/user_home/jinzhao/work/model_to_sm/quant_yolo11n_op_out/iq_model402/out/iq_model402_sv_model.tlf
162,/mnt/user_home/jinzhao/work/model_to_sm/quant_yolo11n_op_out/iq_model296/out/iq_model296_sv_model.tlf
163,/mnt/user_home/jinzhao/work/model_to_sm/quant_yolo11n_op_out/iq_model348/out/iq_model348_sv_model.tlf
164,/mnt/user_home/jinzhao/work/model_to_sm/quant_yolo11n_op_out/iq_model349/out/iq_model349_sv_model.tlf
165,/mnt/user_home/jinzhao/work/model_to_sm/quant_yolo11n_op_out/iq_model417/out/iq_model417_sv_model.tlf
166,/mnt/user_home/jinzhao/work/model_to_sm/quant_yolo11n_op_out/iq_model244/out/iq_model244_sv_model.tlf
167,/mnt/user_home/jinzhao/work/model_to_sm/quant_yolo11n_op_out/iq_model343/out/iq_model343_sv_model.tlf
168,/mnt/user_home/jinzhao/work/model_to_sm/quant_yolo11n_op_out/iq_model283/out/iq_model283_sv_model.tlf
169,/mnt/user_home/jinzhao/work/model_to_sm/quant_yolo11n_op_out/iq_model132/out/iq_model132_sv_model.tlf
170,/mnt/user_home/jinzhao/work/model_to_sm/quant_yolo11n_op_out/iq_model163/out/iq_model163_sv_model.tlf
171,/mnt/user_home/jinzhao/work/model_to_sm/quant_yolo11n_op_out/iq_model353/out/iq_model353_sv_model.tlf
172,/mnt/user_home/jinzhao/work/model_to_sm/quant_yolo11n_op_out/iq_model355/out/iq_model355_sv_model.tlf
173,/mnt/user_home/jinzhao/work/model_to_sm/quant_yolo11n_op_out/iq_model316/out/iq_model316_sv_model.tlf
174,/mnt/user_home/jinzhao/work/model_to_sm/quant_yolo11n_op_out/iq_model356/out/iq_model356_sv_model.tlf
175,/mnt/user_home/jinzhao/work/model_to_sm/quant_yolo11n_op_out/iq_model359/out/iq_model359_sv_model.tlf
176,/mnt/user_home/jinzhao/work/model_to_sm/quant_yolo11n_op_out/iq_model361/out/iq_model361_sv_model.tlf
177,/mnt/user_home/jinzhao/work/model_to_sm/quant_yolo11n_op_out/iq_model415/out/iq_model415_sv_model.tlf
178,/mnt/user_home/jinzhao/work/model_to_sm/quant_yolo11n_op_out/iq_model364/out/iq_model364_sv_model.tlf
179,/mnt/user_home/jinzhao/work/model_to_sm/quant_yolo11n_op_out/iq_model363/out/iq_model363_sv_model.tlf
180,/mnt/user_home/jinzhao/work/model_to_sm/quant_yolo11n_op_out/iq_model285/out/iq_model285_sv_model.tlf
181,/mnt/user_home/jinzhao/work/model_to_sm/quant_yolo11n_op_out/iq_model221/out/iq_model221_sv_model.tlf
182,/mnt/user_home/jinzhao/work/model_to_sm/quant_yolo11n_op_out/iq_model198/out/iq_model198_sv_model.tlf
183,/mnt/user_home/jinzhao/work/model_to_sm/quant_yolo11n_op_out/iq_model224/out/iq_model224_sv_model.tlf
184,/mnt/user_home/jinzhao/work/model_to_sm/quant_yolo11n_op_out/iq_model366/out/iq_model366_sv_model.tlf
185,/mnt/user_home/jinzhao/work/model_to_sm/quant_yolo11n_op_out/iq_model369/out/iq_model369_sv_model.tlf
186,/mnt/user_home/jinzhao/work/model_to_sm/quant_yolo11n_op_out/iq_model371/out/iq_model371_sv_model.tlf
187,/mnt/user_home/jinzhao/work/model_to_sm/quant_yolo11n_op_out/iq_model373/out/iq_model373_sv_model.tlf
188,/mnt/user_home/jinzhao/work/model_to_sm/quant_yolo11n_op_out/iq_model374/out/iq_model374_sv_model.tlf
189,/mnt/user_home/jinzhao/work/model_to_sm/quant_yolo11n_op_out/iq_model258/out/iq_model258_sv_model.tlf
190,/mnt/user_home/jinzhao/work/model_to_sm/quant_yolo11n_op_out/iq_model377/out/iq_model377_sv_model.tlf
191,/mnt/user_home/jinzhao/work/model_to_sm/quant_yolo11n_op_out/iq_model379/out/iq_model379_sv_model.tlf
192,/mnt/user_home/jinzhao/work/model_to_sm/quant_yolo11n_op_out/iq_model252/out/iq_model252_sv_model.tlf
193,/mnt/user_home/jinzhao/work/model_to_sm/quant_yolo11n_op_out/iq_model380/out/iq_model380_sv_model.tlf
194,/mnt/user_home/jinzhao/work/model_to_sm/quant_yolo11n_op_out/iq_model383/out/iq_model383_sv_model.tlf
195,/mnt/user_home/jinzhao/work/model_to_sm/quant_yolo11n_op_out/iq_model358/out/iq_model358_sv_model.tlf
196,/mnt/user_home/jinzhao/work/model_to_sm/quant_yolo11n_op_out/iq_model347/out/iq_model347_sv_model.tlf
197,/mnt/user_home/jinzhao/work/model_to_sm/quant_yolo11n_op_out/iq_model196/out/iq_model196_sv_model.tlf
198,/mnt/user_home/jinzhao/work/model_to_sm/quant_yolo11n_op_out/iq_model336/out/iq_model336_sv_model.tlf
199,/mnt/user_home/jinzhao/work/model_to_sm/quant_yolo11n_op_out/iq_model286/out/iq_model286_sv_model.tlf
200,/mnt/user_home/jinzhao/work/model_to_sm/quant_yolo11n_op_out/iq_model385/out/iq_model385_sv_model.tlf
201,/mnt/user_home/jinzhao/work/model_to_sm/quant_yolo11n_op_out/iq_model178/out/iq_model178_sv_model.tlf
202,/mnt/user_home/jinzhao/work/model_to_sm/quant_yolo11n_op_out/iq_model337/out/iq_model337_sv_model.tlf
203,/mnt/user_home/jinzhao/work/model_to_sm/quant_yolo11n_op_out/iq_model384/out/iq_model384_sv_model.tlf
204,/mnt/user_home/jinzhao/work/model_to_sm/quant_yolo11n_op_out/iq_model207/out/iq_model207_sv_model.tlf
205,/mnt/user_home/jinzhao/work/model_to_sm/quant_yolo11n_op_out/iq_model382/out/iq_model382_sv_model.tlf
206,/mnt/user_home/jinzhao/work/model_to_sm/quant_yolo11n_op_out/iq_model236/out/iq_model236_sv_model.tlf
207,/mnt/user_home/jinzhao/work/model_to_sm/quant_yolo11n_op_out/iq_model311/out/iq_model311_sv_model.tlf
208,/mnt/user_home/jinzhao/work/model_to_sm/quant_yolo11n_op_out/iq_model386/out/iq_model386_sv_model.tlf
209,/mnt/user_home/jinzhao/work/model_to_sm/quant_yolo11n_op_out/iq_model305/out/iq_model305_sv_model.tlf
210,/mnt/user_home/jinzhao/work/model_to_sm/quant_yolo11n_op_out/iq_model387/out/iq_model387_sv_model.tlf
211,/mnt/user_home/jinzhao/work/model_to_sm/quant_yolo11n_op_out/iq_model388/out/iq_model388_sv_model.tlf
212,/mnt/user_home/jinzhao/work/model_to_sm/quant_yolo11n_op_out/iq_model391/out/iq_model391_sv_model.tlf
213,/mnt/user_home/jinzhao/work/model_to_sm/quant_yolo11n_op_out/iq_model306/out/iq_model306_sv_model.tlf
214,/mnt/user_home/jinzhao/work/model_to_sm/quant_yolo11n_op_out/iq_model393/out/iq_model393_sv_model.tlf
215,/mnt/user_home/jinzhao/work/model_to_sm/quant_yolo11n_op_out/iq_model357/out/iq_model357_sv_model.tlf
216,/mnt/user_home/jinzhao/work/model_to_sm/quant_yolo11n_op_out/iq_model406/out/iq_model406_sv_model.tlf
217,/mnt/user_home/jinzhao/work/model_to_sm/quant_yolo11n_op_out/iq_model394/out/iq_model394_sv_model.tlf
218,/mnt/user_home/jinzhao/work/model_to_sm/quant_yolo11n_op_out/iq_model396/out/iq_model396_sv_model.tlf
219,/mnt/user_home/jinzhao/work/model_to_sm/quant_yolo11n_op_out/iq_model397/out/iq_model397_sv_model.tlf
220,/mnt/user_home/jinzhao/work/model_to_sm/quant_yolo11n_op_out/iq_model400/out/iq_model400_sv_model.tlf
221,/mnt/user_home/jinzhao/work/model_to_sm/quant_yolo11n_op_out/iq_model376/out/iq_model376_sv_model.tlf
222,/mnt/user_home/jinzhao/work/model_to_sm/quant_yolo11n_op_out/iq_model129/out/iq_model129_sv_model.tlf
223,/mnt/user_home/jinzhao/work/model_to_sm/quant_yolo11n_op_out/iq_model245/out/iq_model245_sv_model.tlf
224,/mnt/user_home/jinzhao/work/model_to_sm/quant_yolo11n_op_out/iq_model209/out/iq_model209_sv_model.tlf
225,/mnt/user_home/jinzhao/work/model_to_sm/quant_yolo11n_op_out/iq_model248/out/iq_model248_sv_model.tlf
226,/mnt/user_home/jinzhao/work/model_to_sm/quant_yolo11n_op_out/iq_model403/out/iq_model403_sv_model.tlf
227,/mnt/user_home/jinzhao/work/model_to_sm/quant_yolo11n_op_out/iq_model407/out/iq_model407_sv_model.tlf
228,/mnt/user_home/jinzhao/work/model_to_sm/quant_yolo11n_op_out/iq_model409/out/iq_model409_sv_model.tlf
229,/mnt/user_home/jinzhao/work/model_to_sm/quant_yolo11n_op_out/iq_model411/out/iq_model411_sv_model.tlf
230,/mnt/user_home/jinzhao/work/model_to_sm/quant_yolo11n_op_out/iq_model412/out/iq_model412_sv_model.tlf
231,/mnt/user_home/jinzhao/work/model_to_sm/quant_yolo11n_op_out/iq_model413/out/iq_model413_sv_model.tlf
232,/mnt/user_home/jinzhao/work/model_to_sm/quant_yolo11n_op_out/iq_model293/out/iq_model293_sv_model.tlf
233,/mnt/user_home/jinzhao/work/model_to_sm/quant_yolo11n_op_out/iq_model133/out/iq_model133_sv_model.tlf
234,/mnt/user_home/jinzhao/work/model_to_sm/quant_yolo11n_op_out/iq_model416/out/iq_model416_sv_model.tlf
235,/mnt/user_home/jinzhao/work/model_to_sm/quant_yolo11n_op_out/iq_model408/out/iq_model408_sv_model.tlf
236,/mnt/user_home/jinzhao/work/model_to_sm/quant_yolo11n_op_out/iq_model351/out/iq_model351_sv_model.tlf
237,/mnt/user_home/jinzhao/work/model_to_sm/quant_yolo11n_op_out/iq_model255/out/iq_model255_sv_model.tlf
238,/mnt/user_home/jinzhao/work/model_to_sm/quant_yolo11n_op_out/iq_model121/out/iq_model121_sv_model.tlf
239,/mnt/user_home/jinzhao/work/model_to_sm/quant_yolo11n_op_out/iq_model418/out/iq_model418_sv_model.tlf
240,/mnt/user_home/jinzhao/work/model_to_sm/quant_yolo11n_op_out/iq_model287/out/iq_model287_sv_model.tlf
241,/mnt/user_home/jinzhao/work/model_to_sm/quant_yolo11n_op_out/iq_model202/out/iq_model202_sv_model.tlf
242,/mnt/user_home/jinzhao/work/model_to_sm/quant_yolo11n_op_out/iq_model419/out/iq_model419_sv_model.tlf
243,/mnt/user_home/jinzhao/work/model_to_sm/quant_yolo11n_op_out/iq_model422/out/iq_model422_sv_model.tlf
244,/mnt/user_home/jinzhao/work/model_to_sm/quant_yolo11n_op_out/iq_model321/out/iq_model321_sv_model.tlf
245,/mnt/user_home/jinzhao/work/model_to_sm/quant_yolo11n_op_out/iq_model424/out/iq_model424_sv_model.tlf
246,/mnt/user_home/jinzhao/work/model_to_sm/quant_yolo11n_op_out/iq_model299/out/iq_model299_sv_model.tlf
247,/mnt/user_home/jinzhao/work/model_to_sm/quant_yolo11n_op_out/iq_model426/out/iq_model426_sv_model.tlf
248,/mnt/user_home/jinzhao/work/model_to_sm/quant_yolo11n_op_out/iq_model428/out/iq_model428_sv_model.tlf
249,/mnt/user_home/jinzhao/work/model_to_sm/quant_yolo11n_op_out/iq_model429/out/iq_model429_sv_model.tlf
250,/mnt/user_home/jinzhao/work/model_to_sm/quant_yolo11n_op_out/iq_model410/out/iq_model410_sv_model.tlf
251,/mnt/user_home/jinzhao/work/model_to_sm/quant_yolo11n_op_out/iq_model182/out/iq_model182_sv_model.tlf
252,/mnt/user_home/jinzhao/work/model_to_sm/quant_yolo11n_op_out/iq_model368/out/iq_model368_sv_model.tlf
253,/mnt/user_home/jinzhao/work/model_to_sm/quant_yolo11n_op_out/iq_model200/out/iq_model200_sv_model.tlf
254,/mnt/user_home/jinzhao/work/model_to_sm/quant_yolo11n_op_out/iq_model431/out/iq_model431_sv_model.tlf
255,/mnt/user_home/jinzhao/work/model_to_sm/quant_yolo11n_op_out/iq_model435/out/iq_model435_sv_model.tlf
256,/mnt/user_home/jinzhao/work/model_to_sm/quant_yolo11n_op_out/iq_model119/out/iq_model119_sv_model.tlf
257,/mnt/user_home/jinzhao/work/model_to_sm/quant_yolo11n_op_out/iq_model118/out/iq_model118_sv_model.tlf
258,/mnt/user_home/jinzhao/work/model_to_sm/quant_yolo11n_op_out/iq_model117/out/iq_model117_sv_model.tlf
259,/mnt/user_home/jinzhao/work/model_to_sm/quant_yolo11n_op_out/iq_model291/out/iq_model291_sv_model.tlf
260,/mnt/user_home/jinzhao/work/model_to_sm/quant_yolo11n_op_out/iq_model116/out/iq_model116_sv_model.tlf
261,/mnt/user_home/jinzhao/work/model_to_sm/quant_yolo11n_op_out/iq_model113/out/iq_model113_sv_model.tlf
262,/mnt/user_home/jinzhao/work/model_to_sm/quant_yolo11n_op_out/iq_model112/out/iq_model112_sv_model.tlf
263,/mnt/user_home/jinzhao/work/model_to_sm/quant_yolo11n_op_out/iq_model171/out/iq_model171_sv_model.tlf
264,/mnt/user_home/jinzhao/work/model_to_sm/quant_yolo11n_op_out/iq_model111/out/iq_model111_sv_model.tlf
265,/mnt/user_home/jinzhao/work/model_to_sm/quant_yolo11n_op_out/iq_model110/out/iq_model110_sv_model.tlf
266,/mnt/user_home/jinzhao/work/model_to_sm/quant_yolo11n_op_out/iq_model109/out/iq_model109_sv_model.tlf
267,/mnt/user_home/jinzhao/work/model_to_sm/quant_yolo11n_op_out/iq_model108/out/iq_model108_sv_model.tlf
268,/mnt/user_home/jinzhao/work/model_to_sm/quant_yolo11n_op_out/iq_model107/out/iq_model107_sv_model.tlf
269,/mnt/user_home/jinzhao/work/model_to_sm/quant_yolo11n_op_out/iq_model106/out/iq_model106_sv_model.tlf
270,/mnt/user_home/jinzhao/work/model_to_sm/quant_yolo11n_op_out/iq_model105/out/iq_model105_sv_model.tlf
271,/mnt/user_home/jinzhao/work/model_to_sm/quant_yolo11n_op_out/iq_model104/out/iq_model104_sv_model.tlf
272,/mnt/user_home/jinzhao/work/model_to_sm/quant_yolo11n_op_out/iq_model103/out/iq_model103_sv_model.tlf
273,/mnt/user_home/jinzhao/work/model_to_sm/quant_yolo11n_op_out/iq_model179/out/iq_model179_sv_model.tlf
274,/mnt/user_home/jinzhao/work/model_to_sm/quant_yolo11n_op_out/iq_model414/out/iq_model414_sv_model.tlf
275,/mnt/user_home/jinzhao/work/model_to_sm/quant_yolo11n_op_out/iq_model102/out/iq_model102_sv_model.tlf
276,/mnt/user_home/jinzhao/work/model_to_sm/quant_yolo11n_op_out/iq_model367/out/iq_model367_sv_model.tlf
277,/mnt/user_home/jinzhao/work/model_to_sm/quant_yolo11n_op_out/iq_model100/out/iq_model100_sv_model.tlf
278,/mnt/user_home/jinzhao/work/model_to_sm/quant_yolo11n_op_out/iq_model97/out/iq_model97_sv_model.tlf
279,/mnt/user_home/jinzhao/work/model_to_sm/quant_yolo11n_op_out/iq_model96/out/iq_model96_sv_model.tlf
280,/mnt/user_home/jinzhao/work/model_to_sm/quant_yolo11n_op_out/iq_model94/out/iq_model94_sv_model.tlf
281,/mnt/user_home/jinzhao/work/model_to_sm/quant_yolo11n_op_out/iq_model370/out/iq_model370_sv_model.tlf
282,/mnt/user_home/jinzhao/work/model_to_sm/quant_yolo11n_op_out/iq_model93/out/iq_model93_sv_model.tlf
283,/mnt/user_home/jinzhao/work/model_to_sm/quant_yolo11n_op_out/iq_model192/out/iq_model192_sv_model.tlf
284,/mnt/user_home/jinzhao/work/model_to_sm/quant_yolo11n_op_out/iq_model92/out/iq_model92_sv_model.tlf
285,/mnt/user_home/jinzhao/work/model_to_sm/quant_yolo11n_op_out/iq_model91/out/iq_model91_sv_model.tlf
286,/mnt/user_home/jinzhao/work/model_to_sm/quant_yolo11n_op_out/iq_model89/out/iq_model89_sv_model.tlf
287,/mnt/user_home/jinzhao/work/model_to_sm/quant_yolo11n_op_out/iq_model184/out/iq_model184_sv_model.tlf
288,/mnt/user_home/jinzhao/work/model_to_sm/quant_yolo11n_op_out/iq_model161/out/iq_model161_sv_model.tlf
289,/mnt/user_home/jinzhao/work/model_to_sm/quant_yolo11n_op_out/iq_model88/out/iq_model88_sv_model.tlf
290,/mnt/user_home/jinzhao/work/model_to_sm/quant_yolo11n_op_out/iq_model284/out/iq_model284_sv_model.tlf
291,/mnt/user_home/jinzhao/work/model_to_sm/quant_yolo11n_op_out/iq_model87/out/iq_model87_sv_model.tlf
292,/mnt/user_home/jinzhao/work/model_to_sm/quant_yolo11n_op_out/iq_model220/out/iq_model220_sv_model.tlf
293,/mnt/user_home/jinzhao/work/model_to_sm/quant_yolo11n_op_out/iq_model331/out/iq_model331_sv_model.tlf
294,/mnt/user_home/jinzhao/work/model_to_sm/quant_yolo11n_op_out/iq_model86/out/iq_model86_sv_model.tlf
295,/mnt/user_home/jinzhao/work/model_to_sm/quant_yolo11n_op_out/iq_model85/out/iq_model85_sv_model.tlf
296,/mnt/user_home/jinzhao/work/model_to_sm/quant_yolo11n_op_out/iq_model239/out/iq_model239_sv_model.tlf
297,/mnt/user_home/jinzhao/work/model_to_sm/quant_yolo11n_op_out/iq_model208/out/iq_model208_sv_model.tlf
298,/mnt/user_home/jinzhao/work/model_to_sm/quant_yolo11n_op_out/iq_model84/out/iq_model84_sv_model.tlf
299,/mnt/user_home/jinzhao/work/model_to_sm/quant_yolo11n_op_out/iq_model267/out/iq_model267_sv_model.tlf
300,/mnt/user_home/jinzhao/work/model_to_sm/quant_yolo11n_op_out/iq_model83/out/iq_model83_sv_model.tlf
301,/mnt/user_home/jinzhao/work/model_to_sm/quant_yolo11n_op_out/iq_model101/out/iq_model101_sv_model.tlf
302,/mnt/user_home/jinzhao/work/model_to_sm/quant_yolo11n_op_out/iq_model82/out/iq_model82_sv_model.tlf
303,/mnt/user_home/jinzhao/work/model_to_sm/quant_yolo11n_op_out/iq_model246/out/iq_model246_sv_model.tlf
304,/mnt/user_home/jinzhao/work/model_to_sm/quant_yolo11n_op_out/iq_model81/out/iq_model81_sv_model.tlf
305,/mnt/user_home/jinzhao/work/model_to_sm/quant_yolo11n_op_out/iq_model340/out/iq_model340_sv_model.tlf
306,/mnt/user_home/jinzhao/work/model_to_sm/quant_yolo11n_op_out/iq_model155/out/iq_model155_sv_model.tlf
307,/mnt/user_home/jinzhao/work/model_to_sm/quant_yolo11n_op_out/iq_model204/out/iq_model204_sv_model.tlf
308,/mnt/user_home/jinzhao/work/model_to_sm/quant_yolo11n_op_out/iq_model80/out/iq_model80_sv_model.tlf
309,/mnt/user_home/jinzhao/work/model_to_sm/quant_yolo11n_op_out/iq_model122/out/iq_model122_sv_model.tlf
310,/mnt/user_home/jinzhao/work/model_to_sm/quant_yolo11n_op_out/iq_model79/out/iq_model79_sv_model.tlf
311,/mnt/user_home/jinzhao/work/model_to_sm/quant_yolo11n_op_out/iq_model78/out/iq_model78_sv_model.tlf
312,/mnt/user_home/jinzhao/work/model_to_sm/quant_yolo11n_op_out/iq_model77/out/iq_model77_sv_model.tlf
313,/mnt/user_home/jinzhao/work/model_to_sm/quant_yolo11n_op_out/iq_model216/out/iq_model216_sv_model.tlf
314,/mnt/user_home/jinzhao/work/model_to_sm/quant_yolo11n_op_out/iq_model115/out/iq_model115_sv_model.tlf
315,/mnt/user_home/jinzhao/work/model_to_sm/quant_yolo11n_op_out/iq_model325/out/iq_model325_sv_model.tlf
316,/mnt/user_home/jinzhao/work/model_to_sm/quant_yolo11n_op_out/iq_model76/out/iq_model76_sv_model.tlf
317,/mnt/user_home/jinzhao/work/model_to_sm/quant_yolo11n_op_out/iq_model75/out/iq_model75_sv_model.tlf
318,/mnt/user_home/jinzhao/work/model_to_sm/quant_yolo11n_op_out/iq_model227/out/iq_model227_sv_model.tlf
319,/mnt/user_home/jinzhao/work/model_to_sm/quant_yolo11n_op_out/iq_model74/out/iq_model74_sv_model.tlf
320,/mnt/user_home/jinzhao/work/model_to_sm/quant_yolo11n_op_out/iq_model73/out/iq_model73_sv_model.tlf
321,/mnt/user_home/jinzhao/work/model_to_sm/quant_yolo11n_op_out/iq_model72/out/iq_model72_sv_model.tlf
322,/mnt/user_home/jinzhao/work/model_to_sm/quant_yolo11n_op_out/iq_model71/out/iq_model71_sv_model.tlf
323,/mnt/user_home/jinzhao/work/model_to_sm/quant_yolo11n_op_out/iq_model70/out/iq_model70_sv_model.tlf
324,/mnt/user_home/jinzhao/work/model_to_sm/quant_yolo11n_op_out/iq_model158/out/iq_model158_sv_model.tlf
325,/mnt/user_home/jinzhao/work/model_to_sm/quant_yolo11n_op_out/iq_model69/out/iq_model69_sv_model.tlf
326,/mnt/user_home/jinzhao/work/model_to_sm/quant_yolo11n_op_out/iq_model191/out/iq_model191_sv_model.tlf
327,/mnt/user_home/jinzhao/work/model_to_sm/quant_yolo11n_op_out/iq_model68/out/iq_model68_sv_model.tlf
328,/mnt/user_home/jinzhao/work/model_to_sm/quant_yolo11n_op_out/iq_model66/out/iq_model66_sv_model.tlf
329,/mnt/user_home/jinzhao/work/model_to_sm/quant_yolo11n_op_out/iq_model65/out/iq_model65_sv_model.tlf
330,/mnt/user_home/jinzhao/work/model_to_sm/quant_yolo11n_op_out/iq_model64/out/iq_model64_sv_model.tlf
331,/mnt/user_home/jinzhao/work/model_to_sm/quant_yolo11n_op_out/iq_model63/out/iq_model63_sv_model.tlf
332,/mnt/user_home/jinzhao/work/model_to_sm/quant_yolo11n_op_out/iq_model62/out/iq_model62_sv_model.tlf
333,/mnt/user_home/jinzhao/work/model_to_sm/quant_yolo11n_op_out/iq_model61/out/iq_model61_sv_model.tlf
334,/mnt/user_home/jinzhao/work/model_to_sm/quant_yolo11n_op_out/iq_model137/out/iq_model137_sv_model.tlf
335,/mnt/user_home/jinzhao/work/model_to_sm/quant_yolo11n_op_out/iq_model60/out/iq_model60_sv_model.tlf
336,/mnt/user_home/jinzhao/work/model_to_sm/quant_yolo11n_op_out/iq_model57/out/iq_model57_sv_model.tlf
337,/mnt/user_home/jinzhao/work/model_to_sm/quant_yolo11n_op_out/iq_model59/out/iq_model59_sv_model.tlf
338,/mnt/user_home/jinzhao/work/model_to_sm/quant_yolo11n_op_out/iq_model266/out/iq_model266_sv_model.tlf
339,/mnt/user_home/jinzhao/work/model_to_sm/quant_yolo11n_op_out/iq_model56/out/iq_model56_sv_model.tlf
340,/mnt/user_home/jinzhao/work/model_to_sm/quant_yolo11n_op_out/iq_model55/out/iq_model55_sv_model.tlf
341,/mnt/user_home/jinzhao/work/model_to_sm/quant_yolo11n_op_out/iq_model149/out/iq_model149_sv_model.tlf
342,/mnt/user_home/jinzhao/work/model_to_sm/quant_yolo11n_op_out/iq_model338/out/iq_model338_sv_model.tlf
343,/mnt/user_home/jinzhao/work/model_to_sm/quant_yolo11n_op_out/iq_model54/out/iq_model54_sv_model.tlf
344,/mnt/user_home/jinzhao/work/model_to_sm/quant_yolo11n_op_out/iq_model53/out/iq_model53_sv_model.tlf
345,/mnt/user_home/jinzhao/work/model_to_sm/quant_yolo11n_op_out/iq_model52/out/iq_model52_sv_model.tlf
346,/mnt/user_home/jinzhao/work/model_to_sm/quant_yolo11n_op_out/iq_model51/out/iq_model51_sv_model.tlf
347,/mnt/user_home/jinzhao/work/model_to_sm/quant_yolo11n_op_out/iq_model50/out/iq_model50_sv_model.tlf
348,/mnt/user_home/jinzhao/work/model_to_sm/quant_yolo11n_op_out/iq_model58/out/iq_model58_sv_model.tlf
349,/mnt/user_home/jinzhao/work/model_to_sm/quant_yolo11n_op_out/iq_model49/out/iq_model49_sv_model.tlf
350,/mnt/user_home/jinzhao/work/model_to_sm/quant_yolo11n_op_out/iq_model48/out/iq_model48_sv_model.tlf
351,/mnt/user_home/jinzhao/work/model_to_sm/quant_yolo11n_op_out/iq_model47/out/iq_model47_sv_model.tlf
352,/mnt/user_home/jinzhao/work/model_to_sm/quant_yolo11n_op_out/iq_model46/out/iq_model46_sv_model.tlf
353,/mnt/user_home/jinzhao/work/model_to_sm/quant_yolo11n_op_out/iq_model45/out/iq_model45_sv_model.tlf
354,/mnt/user_home/jinzhao/work/model_to_sm/quant_yolo11n_op_out/iq_model186/out/iq_model186_sv_model.tlf
355,/mnt/user_home/jinzhao/work/model_to_sm/quant_yolo11n_op_out/iq_model425/out/iq_model425_sv_model.tlf
356,/mnt/user_home/jinzhao/work/model_to_sm/quant_yolo11n_op_out/iq_model230/out/iq_model230_sv_model.tlf
357,/mnt/user_home/jinzhao/work/model_to_sm/quant_yolo11n_op_out/iq_model130/out/iq_model130_sv_model.tlf
358,/mnt/user_home/jinzhao/work/model_to_sm/quant_yolo11n_op_out/iq_model44/out/iq_model44_sv_model.tlf
359,/mnt/user_home/jinzhao/work/model_to_sm/quant_yolo11n_op_out/iq_model401/out/iq_model401_sv_model.tlf
360,/mnt/user_home/jinzhao/work/model_to_sm/quant_yolo11n_op_out/iq_model345/out/iq_model345_sv_model.tlf
361,/mnt/user_home/jinzhao/work/model_to_sm/quant_yolo11n_op_out/iq_model43/out/iq_model43_sv_model.tlf
362,/mnt/user_home/jinzhao/work/model_to_sm/quant_yolo11n_op_out/iq_model42/out/iq_model42_sv_model.tlf
363,/mnt/user_home/jinzhao/work/model_to_sm/quant_yolo11n_op_out/iq_model40/out/iq_model40_sv_model.tlf
364,/mnt/user_home/jinzhao/work/model_to_sm/quant_yolo11n_op_out/iq_model41/out/iq_model41_sv_model.tlf
365,/mnt/user_home/jinzhao/work/model_to_sm/quant_yolo11n_op_out/iq_model124/out/iq_model124_sv_model.tlf
366,/mnt/user_home/jinzhao/work/model_to_sm/quant_yolo11n_op_out/iq_model273/out/iq_model273_sv_model.tlf
367,/mnt/user_home/jinzhao/work/model_to_sm/quant_yolo11n_op_out/iq_model362/out/iq_model362_sv_model.tlf
368,/mnt/user_home/jinzhao/work/model_to_sm/quant_yolo11n_op_out/iq_model39/out/iq_model39_sv_model.tlf
369,/mnt/user_home/jinzhao/work/model_to_sm/quant_yolo11n_op_out/iq_model38/out/iq_model38_sv_model.tlf
370,/mnt/user_home/jinzhao/work/model_to_sm/quant_yolo11n_op_out/iq_model421/out/iq_model421_sv_model.tlf
371,/mnt/user_home/jinzhao/work/model_to_sm/quant_yolo11n_op_out/iq_model433/out/iq_model433_sv_model.tlf
372,/mnt/user_home/jinzhao/work/model_to_sm/quant_yolo11n_op_out/iq_model36/out/iq_model36_sv_model.tlf
373,/mnt/user_home/jinzhao/work/model_to_sm/quant_yolo11n_op_out/iq_model114/out/iq_model114_sv_model.tlf
374,/mnt/user_home/jinzhao/work/model_to_sm/quant_yolo11n_op_out/iq_model324/out/iq_model324_sv_model.tlf
375,/mnt/user_home/jinzhao/work/model_to_sm/quant_yolo11n_op_out/iq_model253/out/iq_model253_sv_model.tlf
376,/mnt/user_home/jinzhao/work/model_to_sm/quant_yolo11n_op_out/iq_model35/out/iq_model35_sv_model.tlf
377,/mnt/user_home/jinzhao/work/model_to_sm/quant_yolo11n_op_out/iq_model177/out/iq_model177_sv_model.tlf
378,/mnt/user_home/jinzhao/work/model_to_sm/quant_yolo11n_op_out/iq_model181/out/iq_model181_sv_model.tlf
379,/mnt/user_home/jinzhao/work/model_to_sm/quant_yolo11n_op_out/iq_model34/out/iq_model34_sv_model.tlf
380,/mnt/user_home/jinzhao/work/model_to_sm/quant_yolo11n_op_out/iq_model99/out/iq_model99_sv_model.tlf
381,/mnt/user_home/jinzhao/work/model_to_sm/quant_yolo11n_op_out/iq_model33/out/iq_model33_sv_model.tlf
382,/mnt/user_home/jinzhao/work/model_to_sm/quant_yolo11n_op_out/iq_model143/out/iq_model143_sv_model.tlf
383,/mnt/user_home/jinzhao/work/model_to_sm/quant_yolo11n_op_out/iq_model381/out/iq_model381_sv_model.tlf
384,/mnt/user_home/jinzhao/work/model_to_sm/quant_yolo11n_op_out/iq_model32/out/iq_model32_sv_model.tlf
385,/mnt/user_home/jinzhao/work/model_to_sm/quant_yolo11n_op_out/iq_model31/out/iq_model31_sv_model.tlf
386,/mnt/user_home/jinzhao/work/model_to_sm/quant_yolo11n_op_out/iq_model30/out/iq_model30_sv_model.tlf
387,/mnt/user_home/jinzhao/work/model_to_sm/quant_yolo11n_op_out/iq_model330/out/iq_model330_sv_model.tlf
388,/mnt/user_home/jinzhao/work/model_to_sm/quant_yolo11n_op_out/iq_model28/out/iq_model28_sv_model.tlf
389,/mnt/user_home/jinzhao/work/model_to_sm/quant_yolo11n_op_out/iq_model27/out/iq_model27_sv_model.tlf
390,/mnt/user_home/jinzhao/work/model_to_sm/quant_yolo11n_op_out/iq_model26/out/iq_model26_sv_model.tlf
391,/mnt/user_home/jinzhao/work/model_to_sm/quant_yolo11n_op_out/iq_model25/out/iq_model25_sv_model.tlf
392,/mnt/user_home/jinzhao/work/model_to_sm/quant_yolo11n_op_out/iq_model24/out/iq_model24_sv_model.tlf
393,/mnt/user_home/jinzhao/work/model_to_sm/quant_yolo11n_op_out/iq_model23/out/iq_model23_sv_model.tlf
394,/mnt/user_home/jinzhao/work/model_to_sm/quant_yolo11n_op_out/iq_model22/out/iq_model22_sv_model.tlf
395,/mnt/user_home/jinzhao/work/model_to_sm/quant_yolo11n_op_out/iq_model21/out/iq_model21_sv_model.tlf
396,/mnt/user_home/jinzhao/work/model_to_sm/quant_yolo11n_op_out/iq_model20/out/iq_model20_sv_model.tlf
397,/mnt/user_home/jinzhao/work/model_to_sm/quant_yolo11n_op_out/iq_model251/out/iq_model251_sv_model.tlf
398,/mnt/user_home/jinzhao/work/model_to_sm/quant_yolo11n_op_out/iq_model19/out/iq_model19_sv_model.tlf
399,/mnt/user_home/jinzhao/work/model_to_sm/quant_yolo11n_op_out/iq_model18/out/iq_model18_sv_model.tlf
400,/mnt/user_home/jinzhao/work/model_to_sm/quant_yolo11n_op_out/iq_model233/out/iq_model233_sv_model.tlf
401,/mnt/user_home/jinzhao/work/model_to_sm/quant_yolo11n_op_out/iq_model17/out/iq_model17_sv_model.tlf
402,/mnt/user_home/jinzhao/work/model_to_sm/quant_yolo11n_op_out/iq_model249/out/iq_model249_sv_model.tlf
403,/mnt/user_home/jinzhao/work/model_to_sm/quant_yolo11n_op_out/iq_model360/out/iq_model360_sv_model.tlf
404,/mnt/user_home/jinzhao/work/model_to_sm/quant_yolo11n_op_out/iq_model90/out/iq_model90_sv_model.tlf
405,/mnt/user_home/jinzhao/work/model_to_sm/quant_yolo11n_op_out/iq_model67/out/iq_model67_sv_model.tlf
406,/mnt/user_home/jinzhao/work/model_to_sm/quant_yolo11n_op_out/iq_model16/out/iq_model16_sv_model.tlf
407,/mnt/user_home/jinzhao/work/model_to_sm/quant_yolo11n_op_out/iq_model15/out/iq_model15_sv_model.tlf
408,/mnt/user_home/jinzhao/work/model_to_sm/quant_yolo11n_op_out/iq_model238/out/iq_model238_sv_model.tlf
409,/mnt/user_home/jinzhao/work/model_to_sm/quant_yolo11n_op_out/iq_model14/out/iq_model14_sv_model.tlf
410,/mnt/user_home/jinzhao/work/model_to_sm/quant_yolo11n_op_out/iq_model420/out/iq_model420_sv_model.tlf
411,/mnt/user_home/jinzhao/work/model_to_sm/quant_yolo11n_op_out/iq_model174/out/iq_model174_sv_model.tlf
412,/mnt/user_home/jinzhao/work/model_to_sm/quant_yolo11n_op_out/iq_model37/out/iq_model37_sv_model.tlf
413,/mnt/user_home/jinzhao/work/model_to_sm/quant_yolo11n_op_out/iq_model344/out/iq_model344_sv_model.tlf
414,/mnt/user_home/jinzhao/work/model_to_sm/quant_yolo11n_op_out/iq_model13/out/iq_model13_sv_model.tlf
415,/mnt/user_home/jinzhao/work/model_to_sm/quant_yolo11n_op_out/iq_model95/out/iq_model95_sv_model.tlf
416,/mnt/user_home/jinzhao/work/model_to_sm/quant_yolo11n_op_out/iq_model12/out/iq_model12_sv_model.tlf
417,/mnt/user_home/jinzhao/work/model_to_sm/quant_yolo11n_op_out/iq_model272/out/iq_model272_sv_model.tlf
418,/mnt/user_home/jinzhao/work/model_to_sm/quant_yolo11n_op_out/iq_model11/out/iq_model11_sv_model.tlf
419,/mnt/user_home/jinzhao/work/model_to_sm/quant_yolo11n_op_out/iq_model98/out/iq_model98_sv_model.tlf
420,/mnt/user_home/jinzhao/work/model_to_sm/quant_yolo11n_op_out/iq_model10/out/iq_model10_sv_model.tlf
421,/mnt/user_home/jinzhao/work/model_to_sm/quant_yolo11n_op_out/iq_model9/out/iq_model9_sv_model.tlf
422,/mnt/user_home/jinzhao/work/model_to_sm/quant_yolo11n_op_out/iq_model8/out/iq_model8_sv_model.tlf
423,/mnt/user_home/jinzhao/work/model_to_sm/quant_yolo11n_op_out/iq_model7/out/iq_model7_sv_model.tlf
424,/mnt/user_home/jinzhao/work/model_to_sm/quant_yolo11n_op_out/iq_model6/out/iq_model6_sv_model.tlf
425,/mnt/user_home/jinzhao/work/model_to_sm/quant_yolo11n_op_out/iq_model5/out/iq_model5_sv_model.tlf
426,/mnt/user_home/jinzhao/work/model_to_sm/quant_yolo11n_op_out/iq_model4/out/iq_model4_sv_model.tlf
427,/mnt/user_home/jinzhao/work/model_to_sm/quant_yolo11n_op_out/iq_model29/out/iq_model29_sv_model.tlf
428,/mnt/user_home/jinzhao/work/model_to_sm/quant_yolo11n_op_out/iq_model3/out/iq_model3_sv_model.tlf
429,/mnt/user_home/jinzhao/work/model_to_sm/quant_yolo11n_op_out/iq_model2/out/iq_model2_sv_model.tlf
430,/mnt/user_home/jinzhao/work/model_to_sm/quant_yolo11n_op_out/iq_model432/out/iq_model432_sv_model.tlf
431,/mnt/user_home/jinzhao/work/model_to_sm/quant_yolo11n_op_out/iq_model395/out/iq_model395_sv_model.tlf
432,/mnt/user_home/jinzhao/work/model_to_sm/quant_yolo11n_op_out/iq_model375/out/iq_model375_sv_model.tlf
433,/mnt/user_home/jinzhao/work/model_to_sm/quant_yolo11n_op_out/iq_model372/out/iq_model372_sv_model.tlf
434,/mnt/user_home/jinzhao/work/model_to_sm/quant_yolo11n_op_out/iq_model1/out/iq_model1_sv_model.tlf
435,/mnt/user_home/jinzhao/work/model_to_sm/quant_yolo11n_op_out/iq_model0/out/iq_model0_sv_model.tlf
